fold,r2,model
1,-0.9335717076579,Stacking
2,0.28669870064713865,Stacking
3,-3.56212541579463,Stacking
4,0.8162702909096284,Stacking
5,0.8355069385449647,Stacking
