model,rmse,mae,r2,mape,target,target_name
Stacking,892.1275213004592,626.5127440439085,0.8865786039388058,33.64359765765713,energy,Demande electrique (GWh)
GradientBoosting,1222.0750981514477,773.4825433216537,0.787168011029356,28.60665801521541,energy,Demande electrique (GWh)
RandomForest,1459.7893956523894,906.287969255327,0.6963162712637698,35.5993895474699,energy,Demande electrique (GWh)
LightGBM,1550.7284316710036,978.0800504533134,0.6573011767090475,48.17874335730285,energy,Demande electrique (GWh)
