model,rmse,mae,r2
XGBoost,73.76759936597811,53.45304344904152,0.9388873166352816
Random Forest,112.10094079693009,83.12380814371684,0.8588702515611323
LightGBM,135.94075434837907,88.34454227188726,0.7924611510581239
