model,rmse,mae,r2,mape,target,target_name
Stacking,803.0929332467778,507.61695568280527,0.9080878927906265,26.124216513101565,energy,Demande electrique (GWh)
GradientBoosting,1181.0583649758655,728.6334666326285,0.8012148975103297,24.394199471545644,energy,Demande electrique (GWh)
XGBoost,1219.5118363940387,765.4216839794577,0.7880598906996499,26.539519281914554,energy,Demande electrique (GWh)
RandomForest,1415.4971741595589,884.756205280335,0.7144651464149208,32.61172583697336,energy,Demande electrique (GWh)
LightGBM,1545.843629642643,1005.7892941802818,0.659456782157311,50.093809209056296,energy,Demande electrique (GWh)
