model,rmse,mae,r2,mape,target,target_name
Stacking,866.6290916583511,607.859048612307,0.904504995336842,27.45137418272168,energy,Demande electrique (GWh)
GradientBoosting,1135.751740882765,803.5721369818262,0.8359859890877502,27.30645991609378,energy,Demande electrique (GWh)
LightGBM,1363.9433074095198,899.7100388554594,0.7634588165940868,31.15947539730134,energy,Demande electrique (GWh)
RandomForest,1385.87865499625,970.222933774777,0.7557893841942627,32.041026223838706,energy,Demande electrique (GWh)
